personality,careers,study_area
Realistic,Physical Therapy,Medical Sciences
Realistic,Agricultural Technology,Medical Sciences
Realistic,Aviation Technology,Medical Sciences
Realistic,Software Engineering,Medical Sciences
Realistic,Radiographic & Imaging Technology,Medical Sciences
Realistic,Aircraft Maintenance Engineers Technology,Medical Sciences
Realistic,Automation,Medical Sciences
Realistic,Blood Transfusion Medicine,Medical Sciences
Realistic,Auto & Diesel,Medical Sciences
Realistic,Mechanical Technology,Medical Sciences
Realistic,Industrial Electronics,Medical Sciences
Realistic,Petroleum & Natural Gas,Medical Sciences
Realistic,Plant Protection,Medical Sciences
Realistic,Medicine,Medical Sciences
Realistic,Computing,Medical Sciences
Realistic,Master Craftsman,Medical Sciences
Realistic,Veterinary Medicine,Medical Sciences
Realistic,Mechanical Engineering Technology,Medical Sciences
Realistic,Geography,Medical Sciences
Realistic,Architecture & Planning,Medical Sciences
Realistic,Surgery Technology,Technical
Realistic,Renal Dialysis Technology,Technical
Realistic,Manufacturing Engineering & Management,Technical
Realistic,Transportation Engineering,Technical
Realistic,Molecular Biology & Biotechnology,Technical
Realistic,Agriculture Business Management,Computer Sciences & Information Technology
Realistic,Environmental Engineering,Computer Sciences & Information Technology
Realistic,Biodiversity & Plant Conservation,Computer Sciences & Information Technology
Realistic,Health & Safety Management,Computer Sciences & Information Technology
Realistic,Anaesthesia Technician,Computer Sciences & Information Technology
Realistic,Dental Technology,Computer Sciences & Information Technology
Realistic,Health Informatics,Computer Sciences & Information Technology
Realistic,Molecular Biology,Computer Sciences & Information Technology
Realistic,Cardiac Perfusion,Computer Sciences & Information Technology
Realistic,Disaster Preparedness & Management,Computer Sciences & Information Technology
Realistic,Emergency & Clinical Medicine Technology,Computer Sciences & Information Technology
Realistic,Sport Sciences,Computer Sciences & Information Technology
Realistic,Surgery,Computer Sciences & Information Technology
Realistic,Operation Theatre Sciences,Computer Sciences & Information Technology
Realistic,Architecture,Computer Sciences & Information Technology
Realistic,Biomedical Technician,Computer Sciences & Information Technology
Realistic,Cardiology,Computer Sciences & Information Technology
Realistic,Dermatology,Computer Sciences & Information Technology
Realistic,Dentistry,Computer Sciences & Information Technology
Realistic,Medical Physics,Computer Sciences & Information Technology
Realistic,Physiotherapy,Medical Sciences
Realistic,Forensic Chemistry,Medical Sciences
Realistic,Operation Theatre Technician,Medical Sciences
Realistic,Medical Image Technology,Medical Sciences
Realistic,Anaesthesiology,Medical Sciences
Realistic,Mobile Communication Systems,Medical Sciences
Realistic,Automotive Engineering,Medical Sciences
Realistic,Telecommunication,Medical Sciences
Realistic,Textile Engineering,Medical Sciences
Realistic,Industrial Engineering,Medical Sciences
Realistic,Mechatronic Technology,Medical Sciences
Realistic,Auto & Farm,Medical Sciences
Realistic,Electronics & Electrical System,Medical Sciences
Realistic,Molecular Virology,Medical Sciences
Realistic,Garment Manufacturing,Medical Sciences
Realistic,Medicine - Mbbs,Medical Sciences
Realistic,Leather Technology,Medical Sciences
Realistic,Manufacturing,Medical Sciences
Realistic,Earth Sciences,Medical Sciences
Realistic,Software Development,Medical Sciences
Realistic,Forestry,Technical
Realistic,Cyber Security,Technical
Realistic,Metallurgical Engineering Technology,Technical
Realistic,Health Technology,Technical
Realistic,X-ray Technician,Technical
Realistic,Radiology & Imaging Technology,Technical
Realistic,Garment Technology,Medical Sciences
Realistic,Cardiac Catheterization,Medical Sciences
Realistic,Rural Development,Technical
Realistic,Industrial & Manufacturing,Technical
Realistic,Disaster Management,Technical
Realistic,Wildlife & Fisheries,Technical
Realistic,Horticulture,Technical
Realistic,Water Management,Technical
Realistic,Electronics,Technical
Investigative,Biology,Technical
Investigative,Radiographic & Imaging Technology,Technical
Investigative,Gastroenterology,Technical
Investigative,Health Informatics,Technical
Investigative,Information Technology,Technical
Investigative,Political Science,Technical
Investigative,Electronics & Electrical System,Technical
Investigative,Bio-medical,Technical
Investigative,Anaesthesiology,Technical
Investigative,Microbiology,Technical
Investigative,Mechatronic Technology,Technical
Investigative,Software Engineering,Technical
Investigative,Environmental Engineering,Technical
Investigative,Renal Dialysis Technology,Technical
Investigative,Criminology,Engineering
Investigative,Diagnostic Radiology,Engineering
Investigative,Geophysics,Agricultural Sciences
Investigative,Homoeopathic Medical Science,Medical Sciences
Investigative,Mental Health Diagnostic Skills,Computer Sciences & Information Technology
Investigative,Molecular Virology,Computer Sciences & Information Technology
Investigative,Microbiology & Molecular Genetics,Computer Sciences & Information Technology
Investigative,Aviation Technology,Computer Sciences & Information Technology
Investigative,Environmental Sciences,Computer Sciences & Information Technology
Investigative,Health Technology,Computer Sciences & Information Technology
Investigative,Electronics & Telecom,Computer Sciences & Information Technology
Investigative,Plant Sciences,Computer Sciences & Information Technology
Investigative,High Energy Physics,Computer Sciences & Information Technology
Investigative,Data Analytics,Computer Sciences & Information Technology
Investigative,Aircraft Maintenance Engineers Technology,Computer Sciences & Information Technology
Investigative,Radiotherapy,Computer Sciences & Information Technology
Investigative,Biomedical Technician,Computer Sciences & Information Technology
Investigative,Transfusion Medicine,Technical
Investigative,Optometry,Medical Sciences
Investigative,Epidemiology & Public Health,Medical Sciences
Investigative,Automation,Medical Sciences
Investigative,Cardiac Perfusion,Medical Sciences
Investigative,Medical Image Technology,Medical Sciences
Investigative,Comparative Religion,Medical Sciences
Investigative,Water Resource Management,Medical Sciences
Investigative,Information Security,Medical Sciences
Investigative,Surgery,Medical Sciences
Investigative,Medical Physics,Medical Sciences
Investigative,Neuro Sciences,Medical Sciences
Investigative,Chemical Technology,Medical Sciences
Investigative,Molecular Biology & Biotechnology,Medical Sciences
Investigative,Textile Engineering,Medical Sciences
Investigative,Operation Theatre Technician,Medical Sciences
Investigative,Forensic Chemistry,Medical Sciences
Investigative,Web Designing & Development,Medical Sciences
Investigative,Audiology,Medical Sciences
Investigative,Molecular Biology,Medical Sciences
Investigative,Chemistry,Medical Sciences
Investigative,Physics,Engineering
Investigative,Electrical Technology,Social Sciences
Investigative,Speech & Language Pathology,Social Sciences
Investigative,Operation Theatre Sciences,Social Sciences
Investigative,Dentistry,Social Sciences
Investigative,Occupational Therapy,Social Sciences
Investigative,Vision Sciences,Social Sciences
Investigative,Cardiology,Social Sciences
Investigative,Space Sciences,Social Sciences
Investigative,Human Diet & Nutrition,Social Sciences
Investigative,Obstetrics & Gynaecology,Social Sciences
Investigative,Applied Chemistry,Social Sciences
Investigative,Ophthalmology,Social Sciences
Investigative,Medicine - Mbbs,Social Sciences
Investigative,Telecommunication,Social Sciences
Investigative,Bioinformatics,Social Sciences
Investigative,Geography,Social Sciences
Investigative,Public Health,Social Sciences
Investigative,Dermatology,Social Sciences
Investigative,Clinical Laboratory Sciences,Social Sciences
Investigative,Computer Science,Social Sciences
Investigative,Cyber Security,Art & Design
Investigative,Robotics,Art & Design
Investigative,Geoinformatics,Medical Sciences
Investigative,Telecom & Networking,Medical Sciences
Investigative,Web Designing,Medical Sciences
Investigative,Interior Architecture,Medical Sciences
Investigative,Business Analytics,Medical Sciences
Investigative,Food Sciences & Human Nutrition,Medical Sciences
Investigative,Economics & Politics,Medical Sciences
Investigative,Product Design,Medical Sciences
Investigative,Metallurgical Engineering Technology,Medical Sciences
Investigative,X-ray Technician,Medical Sciences
Investigative,Anthropology,Medical Sciences
Investigative,Radiology & Imaging Technology,Medical Sciences
Investigative,Cardiac Catheterization,Medical Sciences
Investigative,Gender Studies,Medical Sciences
Investigative,Comparative Liberal Studies,Medical Sciences
Investigative,Information Sciences,Medical Sciences
Investigative,Rehabilitation Sciences,Medical Sciences
Investigative,Audit & Taxation,Medical Sciences
Investigative,Actuarial Sciences & Risk Management,Medical Sciences
Investigative,Biodiversity & Plant Conservation,Medical Sciences
Investigative,Applied Mathematics,Medical Sciences
Investigative,Disaster Management,Medical Sciences
Investigative,Diet & Nutritional Sciences,Medical Sciences
Investigative,Area Studies,Medical Sciences
Investigative,Wildlife & Fisheries,Medical Sciences
Investigative,Information System & Management,Medical Sciences
Investigative,Inorganic Chemistry,Medical Sciences
Investigative,Applied Microbiology,Engineering
Investigative,Mobile Communication Systems,Engineering
Investigative,Human Nutrition,Biological & Life Sciences
Investigative,Water Management,Biological & Life Sciences
Investigative,Biotechnology,Biological & Life Sciences
Investigative,Database Management Systems,Management Sciences
Investigative,Marine Sciences,Engineering
Investigative,Electronics,Engineering
Investigative,Health Biotechnology,Engineering
Artistic,Speech & Language Pathology,Engineering
Artistic,Advertising,Engineering
Artistic,Design,Engineering
Artistic,Fashion Studies,Engineering
Artistic,Product & Industrial Design,Agricultural Sciences
Artistic,Graphic Designing,Management Sciences
Artistic,Furniture Design,Medical Sciences
Artistic,Automation,Medical Sciences
Artistic,Beautician,Medical Sciences
Artistic,Film & Digital Arts,Medical Sciences
Artistic,Arts,Medical Sciences
Artistic,Digital Marketing,Medical Sciences
Artistic,Humanities,Medical Sciences
Artistic,Robotics,Medical Sciences
Artistic,Industrial Design,Medical Sciences
Artistic,Computer Arts,Medical Sciences
Artistic,Web Designing,Medical Sciences
Artistic,Architecture,Medical Sciences
Artistic,Fine Arts & Design,Medical Sciences
Artistic,Fashion Textiles,Medical Sciences
Artistic,Interior Design,Medical Sciences
Artistic,Textile Design,Medical Sciences
Artistic,Ceramic Design,Medical Sciences
Artistic,Interior Architecture,Medical Sciences
Artistic,Painting,Medical Sciences
Artistic,Speech Language Therapy,Medical Sciences
Artistic,Landscape Design,Medical Sciences
Artistic,Journalism,Medical Sciences
Artistic,Heritage Management,Medical Sciences
Artistic,Pattern Making,Medical Sciences
Artistic,Sculpture,Medical Sciences
Artistic,Garment Technology,Medical Sciences
Artistic,Web Designing & Development,Biological & Life Sciences
Artistic,Jewellery,Biological & Life Sciences
Artistic,Product Design,Biological & Life Sciences
Artistic,Textile Technology,Biological & Life Sciences
Artistic,Fashion Management,Biological & Life Sciences
Artistic,Visual Communication & Design,Biological & Life Sciences
Artistic,Computer Graphics,Biological & Life Sciences
Artistic,Film,Biological & Life Sciences
Artistic,Animation,Biological & Life Sciences
Artistic,Game Design,Biological & Life Sciences
Artistic,Liberal Studies,Medical Sciences
Artistic,Textile Management & Marketing,Medical Sciences
Artistic,Communication Studies,Medical Sciences
Artistic,Performing & Visual Arts,Medical Sciences
Artistic,Media Art,Medical Sciences
Artistic,Print Making,Medical Sciences
Artistic,Archaeology,Medical Sciences
Artistic,Environmental Studies,Medical Sciences
Artistic,Art & Design,Medical Sciences
Artistic,Digital Media,Medical Sciences
Artistic,Religious Studies,Medical Sciences
Artistic,Aesthetics And Cosmetology,Medical Sciences
Artistic,Landscape Architecture,Medical Sciences
Artistic,Gender Studies,Medical Sciences
Artistic,Comparative Liberal Studies,Medical Sciences
Artistic,Multimedia,Medical Sciences
Artistic,Philosophy,Medical Sciences
Artistic,Textile Designing,Medical Sciences
Artistic,Visual Studies,Medical Sciences
Artistic,Fashion Design,Medical Sciences
Artistic,Dental Laboratory Technecian,Management Sciences
Artistic,Fine Arts,Medical Sciences
Artistic,Visual Effects & Animation,Medical Sciences
Artistic,Islamic Art & Architecture,Medical Sciences
Social,Nursing,Medical Sciences
Social,International Relations,Medical Sciences
Social,Audiology,Medical Sciences
Social,Paediatric,Medical Sciences
Social,Skin Care,Medical Sciences
Social,Physical Therapy,Medical Sciences
Social,Speech & Language Pathology,Medical Sciences
Social,Agricultural Education & Extension,Medical Sciences
Social,Gastroenterology,Medical Sciences
Social,Midwifery,Medical Sciences
Social,Optometry,Medical Sciences
Social,Physiotherapy,Medical Sciences
Social,Beautician,Medical Sciences
Social,Social Development & Policy,Medical Sciences
Social,Emergency & Clinical Medicine Technology,Medical Sciences
Social,Human Diet & Nutrition,Medical Sciences
Social,Emergency & Intensive Care Sciences,Medical Sciences
Social,Public Health,Medical Sciences
Social,Journalism & Mass Communication,Art & Design
Social,Liberal Studies,Art & Design
Social,Ophthalmic Technician,Art & Design
Social,Respiratory Therapy,Art & Design
Social,Criminology,Art & Design
Social,Audiology & Speech Pathology,Art & Design
Social,Health Care & Business Management,Art & Design
Social,City & Regional Planning,Art & Design
Social,Mental Health Diagnostic Skills,Art & Design
Social,Forensic Studies,Art & Design
Social,Home Economics,Art & Design
Social,Social Work,Art & Design
Social,Rehabilitation Sciences,Art & Design
Social,Fashion Management,Art & Design
Social,Music,Art & Design
Social,Human Resources Management,Art & Design
Social,Organizational Communication,Art & Design
Social,Business Psychology,Art & Design
Social,Paediatric Medicine,Art & Design
Social,Government & Public Policy,Art & Design
Social,Textile Management & Marketing,Technical
Social,Regional Studies,Medical Sciences
Social,Public Relationing,Medical Sciences
Social,Cardiac Catheterization,Medical Sciences
Social,Religious Studies,Medical Sciences
Social,Nutrition & Dietetics,Medical Sciences
Social,Shariah & Law,Medical Sciences
Social,Nutritional Sciences,Medical Sciences
Social,Speech Language Therapy,Medical Sciences
Social,Communication Studies,Medical Sciences
Social,Wildlife & Ecology,Medical Sciences
Social,Community Work,Medical Sciences
Social,Human Nutrition & Dietetics Mission,Medical Sciences
Social,Gender Studies,Medical Sciences
Social,Comparative Liberal Studies,Medical Sciences
Social,Environmental Studies,Medical Sciences
Social,Politics & International Relations,Medical Sciences
Social,Banking,Medical Sciences
Social,Media Journalism,Medical Sciences
Social,Medicine - Mbbs,Medical Sciences
Social,Disaster Management,Medical Sciences
Social,Film,Medical Sciences
Social,Library & Information Science,Medical Sciences
Social,Anaesthesia Technician,Medical Sciences
Social,Transfusion Medicine,Medical Sciences
Social,Public Policy & Governance,Medical Sciences
Social,Dental Hygienist,Medical Sciences
Social,Anthropology & Sociology,Medical Sciences
Social,Food & Nutrition,Medical Sciences
Social,Fashion Design,Medical Sciences
Social,Paramedics,Medical Sciences
Enterprising,Surgery,Medical Sciences
Enterprising,Beautician,Medical Sciences
Enterprising,Skin Care,Medical Sciences
Enterprising,Telecommunication,Medical Sciences
Enterprising,Business Economics,Medical Sciences
Enterprising,Construction Management,Medical Sciences
Enterprising,Computer Technology,Medical Sciences
Enterprising,Defense & Diplomatic Studies,Medical Sciences
Enterprising,Aviation Technology,Medical Sciences
Enterprising,Health Informatics,Medical Sciences
Enterprising,Fashion Management,Medical Sciences
Enterprising,Pharmaceutical Marketing,Medical Sciences
Enterprising,Legal Studies,Medical Sciences
Enterprising,Agricultural Education & Extension,Medical Sciences
Enterprising,Clinical Pharmacology,Medical Sciences
Enterprising,Garment Manufacturing,Medical Sciences
Enterprising,Criminology,Medical Sciences
Enterprising,Geological Engineering,Medical Sciences
Enterprising,Social Development & Policy,Medical Sciences
Enterprising,Technology Management,Medical Sciences
Enterprising,Digital Marketing,Medical Sciences
Enterprising,Robotics,Medical Sciences
Enterprising,Economics & Management,Medical Sciences
Enterprising,Business Information Technology,Medical Sciences
Enterprising,Web Designing,Medical Sciences
Enterprising,Finance & Investment,Medical Sciences
Enterprising,Entomology,Medical Sciences
Enterprising,E-commerce,Medical Sciences
Enterprising,Digital Media,Medical Sciences
Enterprising,Paediatric Medicine,Medical Sciences
Enterprising,Fashion Marketing & Merchandizing,Medical Sciences
Enterprising,Textile Design,Medical Sciences
Enterprising,Religious Studies,Medical Sciences
Enterprising,Aviation Management,Medical Sciences
Enterprising,Cardiac Technology,Medical Sciences
Enterprising,Entrepreneurship,Medical Sciences
Enterprising,Commerce,Medical Sciences
Enterprising,Business,Medical Sciences
Enterprising,Business Administration,Medical Sciences
Enterprising,Business & Computing,Medical Sciences
Enterprising,Business Analytics,Medical Sciences
Enterprising,Agriculture Business Management,Medical Sciences
Enterprising,Human Nutrition & Dietetics Mission,Medical Sciences
Enterprising,Hotel Management,Medical Sciences
Enterprising,Human Resources Management,Medical Sciences
Enterprising,Business Psychology,Medical Sciences
Enterprising,Management Sciences,Medical Sciences
Enterprising,Politics & International Relations,Medical Sciences
Enterprising,Economics & Politics,Medical Sciences
Enterprising,Real State Management,Medical Sciences
Enterprising,Product Design,Medical Sciences
Enterprising,Industrial Management,Medical Sciences
Enterprising,Islamic Finance,Medical Sciences
Enterprising,Textile Management & Marketing,Medical Sciences
Enterprising,Dialysis Technology,Medical Sciences
Enterprising,Cardiac Catheterization,Medical Sciences
Enterprising,Enterprise Resource Planning,Medical Sciences
Enterprising,Management & Business Computing,Medical Sciences
Enterprising,Comparative Liberal Studies,Medical Sciences
Enterprising,Business & Management Sciences,Medical Sciences
Enterprising,Agricultural & Resource Economics,Medical Sciences
Enterprising,Disaster Management,Medical Sciences
Enterprising,Economics & Finance,Medical Sciences
Enterprising,Software,Medical Sciences
Enterprising,Disaster Preparedness & Management,Medical Sciences
Enterprising,Health Care & Business Management,Medical Sciences
Enterprising,Emergency & Clinical Medicine Technology,Medical Sciences
Enterprising,Textile Technology,Medical Sciences
Enterprising,Metallurgy & Materials,Medical Sciences
Enterprising,Food & Nutrition,Medical Sciences
Enterprising,Women Entrepreneurship & Leadership,Medical Sciences
Enterprising,Sales & Marketing,Medical Sciences
Enterprising,Business Informatics,Medical Sciences
Enterprising,Emergency & Intensive Care Sciences,Medical Sciences
Enterprising,Industrial Engineering & Management,Medical Sciences
Enterprising,Fashion Design,Medical Sciences
Enterprising,Water Management,Medical Sciences
Enterprising,Project Management,Engineering
Enterprising,Business & Information System,Engineering
Enterprising,Information Technology Management,Engineering
Enterprising,Textile Management,Engineering
Enterprising,Communication Studies,Engineering
Enterprising,Sports Business Management,Engineering
Enterprising,Banking,Engineering
Enterprising,Entrepreneurship & Management,Engineering
Enterprising,Public Policy & Governance,Engineering
Enterprising,Leadership & Management Studies,Engineering
Enterprising,Food Quality Management,Engineering
Conventional,Renal Dialysis Technology,Engineering
Conventional,Civil Technology,Engineering
Conventional,Aircraft Maintenance Engineers Technology,Engineering
Conventional,Biomedical Technician,Engineering
Conventional,Aviation Technology,Engineering
Conventional,Health Informatics,Engineering
Conventional,Occupational Therapy,Engineering
Conventional,Operation Theatre Sciences,Engineering
Conventional,Fashion Management,Engineering
Conventional,Pharmaceutical Marketing,Engineering
Conventional,Electronics & Electrical System,Engineering
Conventional,Garment Manufacturing,Engineering
Conventional,Clinical Pharmacology,Engineering
Conventional,Mechatronic Technology,Engineering
Conventional,Cyber Security,Engineering
Conventional,Robotics,Engineering
Conventional,Textile Design,Engineering
Conventional,Business Analytics,Engineering
Conventional,Public Administration,Engineering
Conventional,Management Sciences,Engineering
Conventional,X-ray Technician,Engineering
Conventional,Garment Technology,Engineering
Conventional,Textile Management & Marketing,Engineering
Conventional,Comparative Liberal Studies,Engineering
Conventional,Audit & Taxation,Engineering
Conventional,Area Studies,Engineering
Conventional,Transfusion Medicine,Engineering
Conventional,Agriculture Business Management,Engineering
Conventional,Emergency & Clinical Medicine Technology,Engineering
Conventional,Agricultural & Resource Economics,Engineering
Conventional,Actuarial Sciences,Technical
Conventional,Islamic Finance,Technical
Conventional,Textile Technology,Engineering
Conventional,Information System & Management,Agricultural Sciences
Conventional,Horticulture,Engineering
Conventional,Project Management,Medical Sciences
Conventional,Mechatronics & Control,Medical Sciences
Conventional,Information Technology Management,Medical Sciences
Conventional,Finance & Accounting,Medical Sciences
Conventional,Dental Hygienist,Medical Sciences
Conventional,Electronics,Medical Sciences
Conventional,Medical Laboratory Technology,Medical Sciences
Conventional,Human Nutrition & Dietetics Mission,Medical Sciences
Conventional,Operation Theater Technology,Medical Sciences
Conventional,Computational Mathematics,Medical Sciences
Conventional,Accountancy (ca),Medical Sciences
Conventional,Renewable Energy Engineering,Medical Sciences
Conventional,Legal Studies,Medical Sciences
Conventional,Emergency & Intensive Care Sciences,Medical Sciences
Conventional,Pharmacy,Medical Sciences
Conventional,Microbiology & Molecular Genetics,Medical Sciences
Conventional,Radiology,Medical Sciences
Conventional,Administrative Sciences,Medical Sciences
Conventional,Computer & Information Sciences,Medical Sciences
Conventional,Public Policy & Governance,Medical Sciences
Conventional,Library & Information Science,Technical
Conventional,Radiographer,Engineering
Conventional,Anesthesia Technology,Earth & Environmental Sciences
Conventional,Home Economics,Computer Sciences & Information Technology
Conventional,Business Accounting & Finance,Computer Sciences & Information Technology
Conventional,Dialysis Technology,Computer Sciences & Information Technology
Conventional,Banking,Computer Sciences & Information Technology
Conventional,Digital Media,Agricultural Sciences
Conventional,Computer Networks & Communication,Agricultural Sciences
Conventional,Business & Management Sciences,Agricultural Sciences
Conventional,Actuarial Sciences & Risk Management,Agricultural Sciences
Conventional,Economics & Management,Agricultural Sciences
Conventional,Inorganic Chemistry,Agricultural Sciences
Conventional,Radiographic & Imaging Technology,Agricultural Sciences
Conventional,Accounting,Agricultural Sciences
Conventional,Clinical Pharmacology,Agricultural Sciences
